Entity ID,Customer Name,N/U,Year,Make/Model,Campaign,Insert,Event#,Close Date,RO Amount
E10481,"Liam Smith",U,2021,"Hyundai Tucson","HY Closed RO",9/28/2026,EV-89012,9/29/2026,$384.50
E10482,"Olivia Brown",N,2023,"Hyundai Santa Fe","HY Closed RO",9/28/2026,EV-89013,9/29/2026,$512.00
E10483,"Noah Davis",U,2019,"Hyundai i30","HY Closed RO",9/28/2026,EV-89014,9/30/2026,$245.20
E10484,"Emma Wilson",U,2020,"Hyundai Kona","HY Closed RO",9/28/2026,EV-89015,9/30/2026,$430.75
E10485,"Oliver Taylor",N,2024,"Hyundai Palisade","HY Closed RO",9/28/2026,EV-89016,10/1/2026,$890.00
E10486,"Charlotte Anderson",U,2018,"Hyundai Venue","HY Closed RO",9/28/2026,EV-89017,10/1/2026,$195.40
E10487,"James Thomas",U,2022,"Hyundai IONIQ 5","HY Closed RO",9/28/2026,EV-89018,10/2/2026,$310.00
E10488,"Amelia Jackson",N,2023,"Hyundai Tucson","HY Closed RO",9/28/2026,EV-89019,10/2/2026,$625.50
E10489,"Lucas White",U,2021,"Hyundai Santa Fe","HY Closed RO",9/28/2026,EV-89020,10/3/2026,$480.00
E10490,"Mia Martin",U,2020,"Hyundai Kona EV","HY Closed RO",9/28/2026,EV-89021,10/3/2026,$275.90
E10491,"Henry Harris",N,2024,"Hyundai Sonata","HY Closed RO",9/28/2026,EV-89022,10/4/2026,$540.30
E10492,"Evelyn Clark",U,2019,"Hyundai i30 N","HY Closed RO",9/28/2026,EV-89023,10/5/2026,$720.00